<?xml version="1.0" encoding="UTF-8" standalone="no"?>
<root>
    <doclet-version-NOT-library-version>1.00</doclet-version-NOT-library-version>
    <class>
        <name>B4R::B4RESPOLED1608</name>
        <shortname>ESPOLED1608</shortname>
        <comment>ESP OLED lib</comment>
        <method>
            <name DesignerName="Initialize">Initialize</name>
            <comment>Initialize the display with sda &amp; scl pin (GPIO numbering)
The default address 0x3C is used
Example (Private oledDisplay As ESPOLED1608):&lt;code&gt;
'Init the OLED display with gpio2 (D4,SDA), gpio14 (D5,SCL)
oledDisplay.Initialize(2,14,0x3c,0)
oledDisplay.Print("Hello World",1,1)
oledDisplay.Print("Enjoy B4R",4,1)
&lt;/code&gt;</comment>
            <returntype>B4R::void</returntype>
            <parameter>
                <name>sda</name>
                <type>Int</type>
            </parameter>
            <parameter>
                <name>scl</name>
                <type>Int</type>
            </parameter>
            <parameter>
                <name>address</name>
                <type>Int</type>
            </parameter>
            <parameter>
                <name>offset</name>
                <type>Int</type>
            </parameter>
        </method>
        <method>
            <name DesignerName="On">On</name>
            <comment>Turn the display ON</comment>
            <returntype>B4R::void</returntype>
        </method>
        <method>
            <name DesignerName="Off">Off</name>
            <comment>Turn the display OFF</comment>
            <returntype>B4R::void</returntype>
        </method>
        <method>
            <name DesignerName="Clear">Clear</name>
            <comment>Clear the display</comment>
            <returntype>B4R::void</returntype>
        </method>
        <method>
            <name DesignerName="Print">Print</name>
            <comment>Print a string at row and col
Row: 0 - 7, Col: 0 - 15</comment>
            <returntype>B4R::void</returntype>
            <parameter>
                <name>str</name>
                <type>B4R::B4RString*</type>
            </parameter>
            <parameter>
                <name>row</name>
                <type>Int</type>
            </parameter>
            <parameter>
                <name>col</name>
                <type>Int</type>
            </parameter>
        </method>
    </class>
    <version>1</version>
    <author>Robert W.B. Linn</author>
</root>
