<?xml version="1.0" encoding="UTF-8" standalone="no"?>
<root>
    <doclet-version-NOT-library-version>1.00</doclet-version-NOT-library-version>
    <class>
        <name>B4R::B4RPowerFunctions</name>
        <shortname>PowerFunctions</shortname>
        <method>
            <name DesignerName="Initialize">Initialize</name>
            <comment>Init the constructor PowerFunctions with the Arduino Pin and the Channel 0 - 3</comment>
            <returntype>B4R::void</returntype>
            <parameter>
                <name>Pin</name>
                <type>Byte</type>
            </parameter>
            <parameter>
                <name>Channel</name>
                <type>Byte</type>
            </parameter>
        </method>
        <method>
            <name DesignerName="singlePWM">singlePWM</name>
            <returntype>B4R::void</returntype>
            <parameter>
                <name>output</name>
                <type>UInt</type>
            </parameter>
            <parameter>
                <name>pwm</name>
                <type>UInt</type>
            </parameter>
        </method>
        <method>
            <name DesignerName="singleIncrement">singleIncrement</name>
            <returntype>B4R::void</returntype>
            <parameter>
                <name>i</name>
                <type>UInt</type>
            </parameter>
        </method>
        <method>
            <name DesignerName="singleDecrement">singleDecrement</name>
            <returntype>B4R::void</returntype>
            <parameter>
                <name>d</name>
                <type>UInt</type>
            </parameter>
        </method>
        <method>
            <name DesignerName="redPWM">redPWM</name>
            <returntype>B4R::void</returntype>
            <parameter>
                <name>r</name>
                <type>UInt</type>
            </parameter>
        </method>
        <method>
            <name DesignerName="bluePWM">bluePWM</name>
            <returntype>B4R::void</returntype>
            <parameter>
                <name>b</name>
                <type>UInt</type>
            </parameter>
        </method>
        <method>
            <name DesignerName="comboPWM">comboPWM</name>
            <returntype>B4R::void</returntype>
            <parameter>
                <name>p</name>
                <type>UInt</type>
            </parameter>
            <parameter>
                <name>v</name>
                <type>UInt</type>
            </parameter>
        </method>
        <field>
            <name DefineMethod="true" DesignerName="PWM_FLT">B4RPowerFunctions_PWM_FLT</name>
            <comment>PWM speed steps</comment>
            <returntype>Byte</returntype>
        </field>
        <field>
            <name DefineMethod="true" DesignerName="PWM_FWD1">B4RPowerFunctions_PWM_FWD1</name>
            <returntype>Byte</returntype>
        </field>
        <field>
            <name DefineMethod="true" DesignerName="PWM_FWD2">B4RPowerFunctions_PWM_FWD2</name>
            <returntype>Byte</returntype>
        </field>
        <field>
            <name DefineMethod="true" DesignerName="PWM_FWD3">B4RPowerFunctions_PWM_FWD3</name>
            <returntype>Byte</returntype>
        </field>
        <field>
            <name DefineMethod="true" DesignerName="PWM_FWD4">B4RPowerFunctions_PWM_FWD4</name>
            <returntype>Byte</returntype>
        </field>
        <field>
            <name DefineMethod="true" DesignerName="PWM_FWD5">B4RPowerFunctions_PWM_FWD5</name>
            <returntype>Byte</returntype>
        </field>
        <field>
            <name DefineMethod="true" DesignerName="PWM_FWD6">B4RPowerFunctions_PWM_FWD6</name>
            <returntype>Byte</returntype>
        </field>
        <field>
            <name DefineMethod="true" DesignerName="PWM_FWD7">B4RPowerFunctions_PWM_FWD7</name>
            <returntype>Byte</returntype>
        </field>
        <field>
            <name DefineMethod="true" DesignerName="PWM_BRK">B4RPowerFunctions_PWM_BRK</name>
            <returntype>Byte</returntype>
        </field>
        <field>
            <name DefineMethod="true" DesignerName="PWM_REV7">B4RPowerFunctions_PWM_REV7</name>
            <returntype>Byte</returntype>
        </field>
        <field>
            <name DefineMethod="true" DesignerName="PWM_REV6">B4RPowerFunctions_PWM_REV6</name>
            <returntype>Byte</returntype>
        </field>
        <field>
            <name DefineMethod="true" DesignerName="PWM_REV5">B4RPowerFunctions_PWM_REV5</name>
            <returntype>Byte</returntype>
        </field>
        <field>
            <name DefineMethod="true" DesignerName="PWM_REV4">B4RPowerFunctions_PWM_REV4</name>
            <returntype>Byte</returntype>
        </field>
        <field>
            <name DefineMethod="true" DesignerName="PWM_REV3">B4RPowerFunctions_PWM_REV3</name>
            <returntype>Byte</returntype>
        </field>
        <field>
            <name DefineMethod="true" DesignerName="PWM_REV2">B4RPowerFunctions_PWM_REV2</name>
            <returntype>Byte</returntype>
        </field>
        <field>
            <name DefineMethod="true" DesignerName="PWM_REV1">B4RPowerFunctions_PWM_REV1</name>
            <returntype>Byte</returntype>
        </field>
        <field>
            <name DefineMethod="true" DesignerName="RED">B4RPowerFunctions_RED</name>
            <comment>Output defined the RED or BLUE side of the IR Receiver</comment>
            <returntype>Byte</returntype>
        </field>
        <field>
            <name DefineMethod="true" DesignerName="BLUE">B4RPowerFunctions_BLUE</name>
            <returntype>Byte</returntype>
        </field>
        <field>
            <name DefineMethod="true" DesignerName="CHANNEL1">B4RPowerFunctions_CHANNEL1</name>
            <comment>Channels</comment>
            <returntype>Byte</returntype>
        </field>
        <field>
            <name DefineMethod="true" DesignerName="CHANNEL2">B4RPowerFunctions_CHANNEL2</name>
            <returntype>Byte</returntype>
        </field>
        <field>
            <name DefineMethod="true" DesignerName="CHANNEL3">B4RPowerFunctions_CHANNEL3</name>
            <returntype>Byte</returntype>
        </field>
        <field>
            <name DefineMethod="true" DesignerName="CHANNEL4">B4RPowerFunctions_CHANNEL4</name>
            <returntype>Byte</returntype>
        </field>
    </class>
    <version>1</version>
</root>
