<?xml version="1.0" encoding="UTF-8" standalone="no"?>
<root>
    <doclet-version-NOT-library-version>1.00</doclet-version-NOT-library-version>
    <class>
        <name>B4R::B4RTM1637Display</name>
        <shortname>TM1637Display</shortname>
        <method>
            <name DesignerName="Initialize">Initialize</name>
            <comment>Initializes the object.
PinClk - Pin connected to the clock pin.
PinDIO - Pin connected to the DIO pin.</comment>
            <returntype>B4R::void</returntype>
            <parameter>
                <name>PinClk</name>
                <type>Byte</type>
            </parameter>
            <parameter>
                <name>PinDIO</name>
                <type>Byte</type>
            </parameter>
        </method>
        <method>
            <name DesignerName="SetBrightness">SetBrightness</name>
            <comment>Sets the brightness of the display.
The setting takes effect when a command is given to change the data being displayed.
brightness - a number from 0 (lowes brightness) to 7 (highest brightness)
on - turn display on or off</comment>
            <returntype>B4R::void</returntype>
            <parameter>
                <name>brightness</name>
                <type>Byte</type>
            </parameter>
            <parameter>
                <name>on</name>
                <type>bool</type>
            </parameter>
        </method>
        <method>
            <name DesignerName="SetSegments">SetSegments</name>
            <comment>Displays arbitrary data.
Each byte represents a single digit.
Each bit represents a segment.
Position - Position from which to start the modification (0 - leftmost, 3 - rightmost).</comment>
            <returntype>B4R::void</returntype>
            <parameter>
                <name>Segments</name>
                <type>Byte[]</type>
            </parameter>
            <parameter>
                <name>Position</name>
                <type>Byte</type>
            </parameter>
        </method>
        <method>
            <name DesignerName="ShowNumberDec">ShowNumberDec</name>
            <comment>Displays the decimal number.</comment>
            <returntype>B4R::void</returntype>
            <parameter>
                <name>Number</name>
                <type>Int</type>
            </parameter>
        </method>
        <method>
            <name DesignerName="ShowNumberDec2">ShowNumberDec2</name>
            <comment>Displays the decimal number.
Number - Number to be shown.
LeadingZero - Whether to add leading zeroes.
Length - Number of digits to set.
Position - Position of the least significant digit (0 - leftmost, 3 - rightmost).</comment>
            <returntype>B4R::void</returntype>
            <parameter>
                <name>Number</name>
                <type>Int</type>
            </parameter>
            <parameter>
                <name>LeadingZero</name>
                <type>bool</type>
            </parameter>
            <parameter>
                <name>Length</name>
                <type>Byte</type>
            </parameter>
            <parameter>
                <name>Position</name>
                <type>Byte</type>
            </parameter>
        </method>
        <method>
            <name DesignerName="ShowNumberDec3">ShowNumberDec3</name>
            <comment>Similar to ShowNumberDec2. Controls the decimal dots or colon based on the DotsMask. Pass 0xFF to enable all dots / colons.
The argument is a bitmask, with each bit corresponding to a dot
between the digits (or colon mark, as implemented by each module). The MSB is the
leftmost dot of the digit being update. For example, if Position is 1, the MSB of DotsMask
will correspond the dot near digit no. 2 from the left. Dots are updated only on
those digits actually being update (that is, no more than Length digits)</comment>
            <returntype>B4R::void</returntype>
            <parameter>
                <name>Number</name>
                <type>Int</type>
            </parameter>
            <parameter>
                <name>LeadingZero</name>
                <type>bool</type>
            </parameter>
            <parameter>
                <name>Length</name>
                <type>Byte</type>
            </parameter>
            <parameter>
                <name>Position</name>
                <type>Byte</type>
            </parameter>
            <parameter>
                <name>DotsMask</name>
                <type>Byte</type>
            </parameter>
        </method>
    </class>
    <version>1.2</version>
</root>
